Method,PLCC,SRCC
S3,0.8708913316034481,0.8349046368953487
MMZ,0.6940273360131843,0.6746317048523162
CPBD,0.8490214391477443,0.8530481025413542
