Method,PLCC,SRCC
S3,0.7669653603117055,0.7138022317502131
MMZ,0.575605045493818,0.531193978589169
CPBD,0.8840007295903816,0.8236179597117842
